ID,Field,Longitude,Latitude,Altitude,B_PCoA1,B_PCoA2,B_Shannon,B_Faith_pd,B_Richness,B_Evenness,F_PCoA1,F_PCoA2,F_Evenness,F_Faith_pd,F_Richness,F_Shannon,BR,MAP,MAT,pH,AP,AK,TP,TK,NH_N,NO_N,TN,OM,PE
SYRU1,1,109.65,18.34,40,-0.272215277,0.144910182,9.339461446,203.2380018,2156,0.843357607,-0.072038089,-0.009268334,0.356598236,111.5010072,504,3.201282183,284.2073006,95.8775,25.17,6.61,19.45,85.95,0.08,0.61,5.33,6.06,1.1,22.412,602.154
SYRU2,1,109.65,18.34,30,-0.133849185,0.165981866,9.681130064,238.871015,2518,0.85688409,-0.150705147,0.036878944,0.633406203,123.3419695,606,5.854683738,126.9252759,95.8775,25.17,6.28,75.73,223.91,0.11,0.7,3.73,66.22,1,17.757,686.076
SYRU3,1,109.64,18.34,40,-0.304531757,0.122061391,9.499833756,212.3866632,2289,0.851201314,-0.221116632,-0.039348764,0.647073822,125.7903974,655,6.053602787,65.10341805,95.8775,25.17,6.11,65.37,191.38,0.19,2.82,2.46,22.52,0.7,13.792,803.424
HKRU1,1,110.2,19.76,50,-0.266780783,0.128946924,9.290141221,187.0378604,1991,0.847696503,-0.262194636,-0.095359436,0.659749512,133.64267,641,6.151623565,90.45939386,129.4108333,24.72,5.89,63.35,171.59,0.21,0.36,2.83,14.54,1.3,25.343,839.502
HKRU2,1,110.2,19.76,40,-0.283367547,0.125543483,9.29087776,197.0712976,2072,0.84333661,-0.120270988,0.004163112,0.595547896,126.1896608,639,5.550311127,61.65983619,129.4108333,24.72,5.96,20.18,294.03,0.17,0.4,1.94,6.23,1.3,25.17,763.322
HKRU3,1,110.2,19.76,40,-0.293127411,0.105405894,8.942002378,179.3024048,1924,0.819623282,-0.198850508,-0.047679459,0.673780858,138.0584167,671,6.326916098,82.80618313,129.4108333,24.72,5.74,12.2,244.11,0.22,0.45,6.8,23.69,1.4,27.584,730.699
SXRU1,1,110.26,21.4,20,-0.338879874,0.08342477,9.254327791,192.6703161,1979,0.845101187,-0.291920038,-0.064987586,0.673034053,138.7162507,663,6.308257358,49.97616017,152.4375,23.82,5.51,151.41,134.86,0.12,0.47,6.26,22.98,1.2,26.55,785.49
SXRU2,1,110.25,21.4,30,-0.349595298,0.091901152,9.199635092,177.2128052,1854,0.847390798,-0.297654805,-0.08539829,0.690823749,153.4339114,784,6.642069901,47.97252304,152.4375,23.82,5.35,80.45,108.74,0.15,0.56,7.43,26.83,1.2,28.791,744.136
SXRU3,1,110.25,21.43,30,-0.313085766,0.069925616,9.350572565,198.6240457,2102,0.847160388,-0.139108454,-0.080457467,0.680048684,164.1400189,817,6.578921723,125.7592056,151.3266667,23.82,5.22,25.34,48.72,0.11,0.33,5.86,0.86,0.8,15.688,590.665
YLRU1,1,110.1,22.57,70,-0.028600034,0.202386303,10.19607662,259.036904,2831,0.889159434,-0.268123412,-0.047332272,0.669047042,165.3305382,756,6.397590006,56.6943015,137.0591667,22.17,5.65,19.97,92.39,0.08,0.4,0.71,13.69,1.1,23.791,488.283
YLRU2,1,110.09,22.57,80,-0.08928256,0.193067339,10.03061847,242.8892043,2750,0.877936886,-0.179497898,0.014981041,0.692632108,152.6962377,778,6.651779961,141.986005,137.0591667,22.17,5.55,35.93,111.1,0.24,0.42,0.06,13.9,1,18.792,673.919
YLRU3,1,110.09,22.56,80,-0.2069581,0.19405563,9.988978327,244.7857137,2678,0.877231118,-0.211267859,0.010967562,0.721607933,161.7448137,873,7.049992495,183.3680437,137.0591667,22.17,5.39,97.73,178.61,0.12,0.44,2.73,24.71,1.4,28.446,626.743
WZRU1,1,111.34,23.55,20,0.091643104,0.127238584,9.984878333,258.7563425,2763,0.873413313,-0.07213829,-0.031546294,0.693396773,169.8712956,769,6.64748377,38.11601936,136.62,22.15,5.98,2.66,90.03,0.05,1.13,0.28,6.97,0.7,9.137,445.846
WZRU2,1,111.35,23.55,30,-0.261796374,0.021608776,9.898401507,244.8861239,2671,0.869565024,-0.10016892,-0.044823973,0.719132122,186.4517004,957,7.121116026,100.4301666,136.62,22.15,5.61,3.85,84.79,0.06,1.11,1.47,11.03,0.9,12.585,484.701
WZRU3,1,111.35,23.56,30,-0.268286575,0.075083367,9.400767938,222.284082,2299,0.841850461,-0.07966115,-0.116813085,0.586330666,158.8108539,786,5.63955438,6.804513997,136.62,22.15,5.51,2.31,60.09,0.05,1.19,0.2,0.72,0.6,7.586,633.645
JHRU1,1,111.58,25.21,220,0.18152142,0.21968681,10.02702187,233.2508429,2557,0.885760816,-0.169210115,0.100244069,0.737589273,161.7828162,830,7.152379227,207.572697,130.3975,18.7,6.1,22.27,257.77,0.11,0.88,-0.22,15.52,1.2,21.033,313.667
JHRU2,1,111.57,25.21,210,-0.296713343,0.029456617,8.467758511,142.1965482,1378,0.811993292,-0.009879152,-0.034673355,0.671192032,171.0659609,909,6.596566893,296.3541666,130.3975,18.7,5.75,21.66,95.96,0.09,1.01,3.31,0.45,1.1,20.688,492.895
JHRU3,1,111.57,25.21,200,-0.273717844,0.070446892,8.563423483,188.3871766,1906,0.785899619,-0.064262134,0.071552548,0.694161854,166.310043,938,6.853768273,293.3241668,130.3975,18.7,5.46,12.51,223.43,0.06,0.79,0.74,2.8,1.2,23.619,564.198
QYRU1,1,111.87,26.76,120,-0.358415001,0.124850032,9.26028898,194.2979463,1956,0.846949971,-0.195836648,-0.050496331,0.687446396,157.9987908,754,6.570901866,179.1407561,112.3283333,18.88,5.38,44.88,135,0.07,0.85,0.22,27.4,1,14.654,782.997
QYRU2,1,111.87,26.76,140,-0.35362373,0.124790746,9.160607335,176.2031502,1828,0.8453825,-0.211026649,0.015907362,0.681574504,143.7118085,711,6.457036298,144.6439592,112.3283333,18.88,5.08,94.04,130.55,0.13,1.02,0.17,10.71,1.1,18.792,897.059
QYRU3,1,111.87,26.77,120,-0.316262266,0.085762436,9.389031305,226.8137782,2253,0.843000706,-0.183177585,-0.027878334,0.7018191,149.8269503,730,6.675529684,74.630787,112.3283333,18.88,5.2,25.18,188.92,0.09,1.01,-0.03,4.46,1.4,42.238,913.038
LDRU1,1,112.01,27.64,140,-0.220584612,0.140417576,9.83411801,224.6803588,2474,0.872388981,-0.143131508,-0.005961015,0.675485534,186.2821449,854,6.577940449,138.8028683,113.1925,18.03,5.56,12.23,174.15,0.08,1.04,-0.06,6.93,1,16.55,1144.393
LDRU2,1,112.01,27.64,140,-0.322981496,0.137432728,9.707371048,230.2877845,2353,0.866707456,-0.106919262,0.002931107,0.645405844,151.4476872,798,6.221870416,82.96160293,113.1925,18.03,5.5,29.91,148.43,0.12,0.94,0.23,7.6,1.2,28.791,1117.932
LDRU3,1,112.03,27.62,150,-0.299065335,0.123639677,9.831358954,234.9159912,2442,0.873599804,-0.105490038,-0.004913768,0.703570033,157.8268204,845,6.840676012,49.15275481,113.0116667,18.03,5.5,70.43,156.28,0.13,0.88,-0.13,1.63,1.3,27.756,1001.185
YiYangRU1,1,112.44,28.58,30,-0.097696837,0.044951294,10.10074872,251.4710151,2754,0.883912855,-0.100106887,-0.006610125,0.685844465,144.5321158,845,6.668333729,174.4905231,109.0183333,18.18,5.4,135.66,526.97,0.14,1.47,-0.01,16.1,1.7,27.756,1032.616
YiYangRU2,1,112.44,28.58,30,-0.289084257,-0.044840405,9.209785137,203.7442162,2050,0.837146025,-0.024259709,-0.060149681,0.54499556,142.2007937,732,5.186014164,186.0968893,109.0183333,18.18,5.28,124.02,241.73,0.14,1.47,0.76,5.66,2,32.928,1004.587
YiYangRU3,1,112.44,28.58,30,-0.337443344,-0.001952734,8.480869858,171.1283744,1687,0.791107894,-0.131622798,-0.0374129,0.681600843,147.9819967,753,6.513722584,163.0679029,109.0183333,18.18,5.05,131.27,208.08,0.11,1.66,4.83,8.77,1.9,33.101,1191.38
HRRU1,1,112.66,29.51,35,0.252703824,0.207774397,9.909183684,228.0725276,2485,0.878549269,-0.221035778,-0.015366231,0.64778227,157.8596819,757,6.195486471,60.65310675,98.20666667,18.26,6.54,10.45,144.32,0.11,1.68,0.02,0.83,1,25.86,626.18
HRRU2,1,112.66,29.51,35,0.245525086,0.186285246,9.925918623,235.9919071,2558,0.876785929,-0.164495415,-0.008419449,0.679951797,160.7172576,649,6.352160454,81.22202041,98.20666667,18.26,6.65,7.66,130.1,0.11,1.73,-0.03,3.11,0.8,24.998,468.453
HRRU3,1,112.66,29.51,35,0.261341068,0.231602195,9.968422797,233.0842342,2475,0.884257484,-0.161132714,0.008149336,0.648822207,122.7763247,639,6.046810237,76.57960077,98.20666667,18.26,6.69,9.35,124.88,0.09,0.94,-0.11,5.07,1,26.205,451.089
QJRU1,1,112.9,30.46,30,0.275267795,0.21324221,10.29597101,260.3842375,2895,0.895352618,-0.193366198,0.082288402,0.737820265,131.6154014,745,7.039614437,136.8791504,85.87583333,17.8,6.73,5.81,106.28,0.09,1.5,0.09,7.43,1,16.723,727.145
QJRU2,1,112.9,30.46,30,0.266417747,0.193601154,10.23588551,259.4755569,2796,0.894030275,-0.191732382,0.052845484,0.735534648,136.2531738,734,7.002022304,96.38475502,85.87583333,17.8,6.71,9.55,99.39,0.09,1.81,0.22,9.66,1,14.826,775.803
QJRU3,1,112.9,30.46,40,0.263733374,0.221782042,10.25571577,264.0468866,2865,0.893019028,-0.180665088,0.062138516,0.696789237,130.0972759,709,6.598344493,250.8093409,85.87583333,17.8,6.73,9.17,60.85,0.1,1.88,-0.08,3.57,1,16.378,687.528
XGRU1,1,113.85,30.94,20,-0.287915801,0.062653189,9.87941049,248.7066772,2637,0.869308144,-0.204473388,-0.087300812,0.669815569,146.09118,733,6.37508314,108.1176414,90.10583333,17.71,6.34,24.17,191.21,0.1,1.79,-0.05,2.55,1.2,17.068,1020.089
XGRU2,1,113.85,30.94,20,-0.337774688,0.041508787,9.433460041,219.1277521,2243,0.847478103,-0.235649818,-0.083182878,0.663156144,144.1067672,754,6.338725427,155.0277585,90.10583333,17.71,5.92,35.98,292.26,0.08,1.75,0.33,13.78,1.3,19.309,945.409
XGRU3,1,113.85,30.94,30,-0.337806711,-0.014350178,9.799923925,243.9479673,2487,0.868772887,-0.09387175,-0.128762867,0.672732985,168.1750762,842,6.537401463,130.0880253,90.10583333,17.71,5.63,24.85,181.49,0.05,2.11,0.17,5.58,1.2,19.481,1086.005
XYRU1,1,114.08,32.2,120,-0.276123712,-0.051942445,9.637277137,238.0357816,2438,0.856533991,-0.011112132,-0.123017895,0.661540708,170.5162863,806,6.386934751,72.92252148,84.42583333,15.99,5.8,10.81,137.56,0.07,1.48,0.67,14.92,1.2,18.447,947.486
XYRU2,1,114.08,32.2,110,-0.276098435,-0.019465442,9.560087822,223.1004366,2345,0.853932111,-0.053903789,-0.025629233,0.690960606,168.0637479,920,6.802845775,36.5279372,84.42583333,15.99,5.16,11.32,165.97,0.1,1.72,47.18,70.6,1.1,18.102,1078.912
XYRU3,1,114.08,32.2,110,-0.157991103,-0.018771552,10.03771441,261.0427289,2871,0.873806859,0.008051409,0.008342818,0.685630801,156.9190285,846,6.667426226,167.0412946,84.42583333,15.99,5.79,7.39,142.34,0.06,1.44,0.38,6.55,1.1,18.102,1055.704
LHRU1,1,113.96,33.52,60,-0.077960667,0.170962326,9.613214102,225.3742865,2461,0.853367901,-0.081296572,0.100326591,0.735748283,140.526933,719,6.982139338,310.7556817,65.73166667,16.39,6.61,17.24,185.78,0.07,1.54,0.09,17.45,1.3,23.102,859.877
LHRU2,1,113.96,33.52,60,-0.310882534,0.106979273,8.201543721,148.6451209,1348,0.78886751,-0.100889901,0.143765501,0.735210018,133.1263249,730,6.993135839,186.5064244,65.73166667,16.39,4.56,42.85,156.48,0.08,1.62,17.31,30.14,1.2,21.205,1270.509
LHRU3,1,113.47,33.52,60,0.23694037,0.237444381,9.876334904,230.8232648,2477,0.875998194,-0.098057807,0.173312964,0.753233069,146.7698679,778,7.233768948,367.3741482,63.98083333,16,6.12,23.55,190.84,0.14,1.84,0.07,5.91,0.9,33.963,725.766
YYRU1,1,113.69,35.01,80,0.272844244,0.204960012,9.78063368,230.051086,2422,0.870009637,-0.04997482,0.201600076,0.729533056,139.5810814,734,6.944889331,467.154422,49.0875,16.51,6.73,29.53,225.96,0.12,1.71,-0.04,3.83,0.9,32.584,512.438
YYRU2,1,113.69,35,90,0.274993498,0.211890799,9.794493254,235.8067163,2468,0.869143948,-0.077545145,0.191903767,0.749257622,139.2706537,721,7.113343559,390.8517291,49.6525,16,6.89,33.19,219.17,0.11,1.78,0.31,5.88,0.9,32.584,512.054
YYRU3,1,113.68,35.02,90,0.282799658,0.246190316,9.836402707,232.8485295,2514,0.870804171,-0.016525875,0.216965823,0.748501111,126.3338709,614,6.932688282,122.4284536,49.0875,16.51,7.02,18.74,124.21,0.09,1.69,0,2.4,0.6,27.756,657.266
HDRU1,1,114.44,36.43,60,0.29510043,0.255402076,10.12499392,246.5487854,2622,0.891563135,-0.110920562,0.198340319,0.753993627,153.9243731,804,7.276831472,235.6474447,49.27583333,15.21,7,23.01,137.63,0.18,1.58,-0.12,5.01,1.5,42.928,267.143
HDRU2,1,114.44,36.44,60,0.299483674,0.221589365,10.15173437,256.475379,2657,0.892414464,-0.085948747,0.100292058,0.619717274,115.1880463,626,5.757185154,225.2237405,49.27583333,15.21,7.04,29.77,143.77,0.17,1.72,0,7.16,1.4,43.79,605.062
HDRU3,1,114.44,36.44,60,0.280295675,0.269566891,9.893304012,227.2937196,2386,0.88172642,-0.091849195,0.213794759,0.712133649,149.2804721,725,6.766577989,454.7783776,49.27583333,15.21,7.05,19,111.5,0.15,1.82,-0.2,9.85,1.4,42.238,336.134
XJRU1,1,115.22,37.88,40,0.291221582,0.270625697,9.881822247,233.0824005,2437,0.878314673,-0.054463653,0.173629174,0.622351198,124.1705422,626,5.781654359,182.5340168,39.77166667,14.78,6.88,36.62,107.55,0.16,2.02,-0.15,40.09,1.2,38.962,422.928
XJRU2,1,115.22,37.88,40,0.286042814,0.26442295,10.02151747,249.2684291,2611,0.882922996,-0.071637214,0.229303516,0.726722041,141.5389787,713,6.887695832,325.4922469,39.77166667,14.78,7.17,15.18,157.92,0.17,1.99,-0.13,20.15,1.3,43.1,519.516
XJRU3,1,115.22,37.88,30,0.272765791,0.28149622,9.995525806,238.6533715,2565,0.882627156,-0.047380928,0.21232091,0.667174539,107.5237252,579,6.12294065,167.8330615,39.77166667,14.78,7.54,41.52,117.04,0.12,1.84,-0.18,10.91,1.2,37.928,478.138
BZRU1,1,116.32,39.15,10,0.267086463,0.265996513,9.957881626,238.6624942,2567,0.879215791,-0.040945138,0.228378386,0.693747576,140.3928107,731,6.600125457,169.487386,49.28333333,13.89,7.48,30.33,159.99,0.18,1.67,-0.08,27.04,1,32.928,600.052
BZRU2,1,116.31,39.15,10,0.272361088,0.259268007,9.814304633,245.3576631,2575,0.866195556,-0.031195163,0.25378051,0.689840871,136.4176012,744,6.580501626,135.8301128,49.28333333,13.89,7.58,19.1,127.55,0.17,1.74,-0.11,8.07,1,32.928,679.589
BZRU3,1,116.32,39.14,10,0.276727785,0.256945453,10.08326983,263.0862513,2773,0.881618027,-0.01953384,0.238586393,0.73543376,157.120734,775,7.058731839,218.5094451,49.28333333,13.89,7.56,18.77,114.42,0.15,2.19,-0.14,7.81,0.9,33.101,959.909
QHDRU1,1,119.36,39.82,10,0.095501774,0.218496373,10.07882323,255.3593235,2849,0.878233926,-0.07969536,0.128194952,0.697731211,143.672933,770,6.690345471,65.05110804,52.12666667,11.8,7.43,9.78,80.76,0.08,2.03,0.12,6.61,0.7,10.861,771.92
QHDRU2,1,119.36,39.83,10,0.141711193,0.230247863,9.985480965,263.2910293,2901,0.868126457,-0.110668662,0.180726371,0.660864519,154.5096021,768,6.334361634,88.53039416,52.12666667,11.8,7.26,56.41,99.27,0.12,2.25,0.24,10.05,1,15.688,1009.342
QHDRU3,1,119.35,39.81,10,-0.007043139,0.186121508,10.07758082,275.4542323,2993,0.872716046,-0.034450103,0.167304096,0.715802312,131.3916675,744,6.828151928,90.89185144,52.12666667,11.8,7.37,56.73,56.79,0.09,1.96,0.47,9.56,0.7,11.034,989.383
PJRU1,1,122.13,41.24,0,0.281188855,0.147570071,10.28174084,288.1610015,3004,0.889988344,-0.049687057,0.150735092,0.720440849,147.1256335,775,6.914829092,57.00985509,42.34,10.49,7.15,24.79,218.36,0.08,2.35,0.15,22.45,0.9,14.654,644.707
PJRU2,1,122.13,41.24,0,0.231226179,0.10069074,10.08660941,262.6971318,2735,0.883447682,-0.028710064,0.096500631,0.72550219,170.5978781,819,7.02120679,52.74304717,42.34,10.49,7.11,25.17,186.97,0.06,2.61,0.32,62.18,0.5,7.586,507.641
PJRU3,1,122.12,41.24,0,0.270409764,0.036129073,10.22081139,282.8580282,2918,0.887935088,0.029747773,0.074626416,0.683510772,185.1168921,867,6.670988705,111.5889446,42.135,10.49,7.2,24.42,184.64,0.07,2.77,0.16,6.58,0.5,8.448,518.05
SYSRU1,1,123.36,42,50,-0.25932485,0.115110641,8.911563588,199.3086326,1964,0.81461667,0.134383192,0.329727831,0.608642399,129.0083646,665,5.707367914,81.73770099,48.92583333,9.62,6.7,132.8,329.81,0.12,2.17,115.53,45.28,1.5,22.24,922.305
SYSRU2,1,123.36,42,50,-0.323519276,0.097093395,8.603585309,174.3852082,1660,0.804301339,0.080538587,0.307762519,0.655905424,129.5793463,668,6.154822547,212.4881964,48.92583333,9.62,6.66,40.87,171.61,0.08,1.64,1.79,12.97,1.1,22.412,950.404
SYSRU3,1,123.36,42,50,-0.31420204,0.101548604,8.67962068,176.6260152,1735,0.806602228,0.10089595,0.304316258,0.645157044,120.7537388,656,6.037090594,173.63794,48.92583333,9.62,6.14,54.14,182.84,0.08,1.4,5.33,6.6,1.2,21.378,960.282
SPRU1,1,124.37,43.26,160,-0.197950839,0.136373047,9.462812892,237.6137903,2371,0.844043939,0.051505363,0.270818097,0.704390367,148.5284889,812,6.808169514,33.91482989,50.7575,7.5,5.98,70.86,134.65,0.1,1.7,0.28,53.4,1.3,24.136,1152.479
SPRU2,1,124.37,43.26,170,-0.304386708,0.104571232,8.698146197,185.4618456,1805,0.804059954,0.083599088,0.306824109,0.663185057,131.0607123,669,6.224563696,109.6801857,50.7575,7.5,5.99,41.98,121.65,0.08,2.16,0.02,10.26,1.1,23.446,948.618
SPRU3,1,124.38,43.25,170,-0.087851102,0.162383424,9.951964358,252.7482783,2645,0.875355689,0.045301288,0.30279136,0.738528532,153.8763837,804,7.127577042,106.3658059,50.99916667,7.45,6.12,58.14,137.91,0.08,2.13,-0.1,15.34,1.1,22.584,951.182
DHRU1,1,125.76,44.55,150,-0.133292768,0.050578811,9.792203955,246.2512409,2580,0.864031565,0.100417773,0.261599862,0.597780864,148.1388416,686,5.632330019,153.3109872,56.88,6.31,6.21,51.3,208.71,0.1,2.03,0.26,5.68,1.4,29.308,1023.178
DHRU2,1,125.77,44.55,150,-0.212699915,-0.044096798,9.101225554,219.0526574,2143,0.822492841,0.082461983,0.241613117,0.65906371,139.1747237,732,6.271452436,91.9697455,56.88,6.31,5.62,85.16,265.1,0.13,1.78,1.91,65.73,1.4,27.756,1253.699
DHRU3,1,125.77,44.55,160,-0.212940057,0.032854581,9.126499274,214.0586875,2117,0.826091592,0.087319276,0.252820945,0.612231217,124.1928764,666,5.742348233,137.848922,56.88,6.31,5.26,89.61,185.16,0.11,1.89,0.53,12.64,1.3,28.791,883.945
HLRU1,1,127.01,47.46,230,-0.066271331,0.131676211,9.818235429,240.1161683,2546,0.867793966,0.072588564,0.277600547,0.687674404,136.9270916,730,6.540988836,429.2343443,56.34916667,3.05,5.56,99.29,188.82,0.18,1.95,0.04,11.66,3.4,79.649,635.919
HLRU2,1,127.01,47.46,240,-0.154238092,0.148932124,9.318617207,203.0733065,2123,0.843169661,0.006388079,0.262614969,0.708803016,138.7415603,745,6.762758054,214.9425824,56.34916667,3.05,5.58,124.91,253.47,0.17,1.73,0.13,11.89,2.2,56.202,883.908
HLRU3,1,127.01,47.46,240,-0.267950858,0.114723657,9.103787479,195.9380489,1948,0.833086791,0.016065646,0.219522329,0.646675689,140.302484,720,6.138150642,185.6306297,56.34916667,3.05,5.51,79.43,148.43,0.15,1.67,0.17,3.81,2.4,58.444,411.596
HEBRU1,1,126.8,45.83,120,0.213866068,0.223918975,9.538238293,228.2725433,2475,0.846097599,0.079394903,0.282651028,0.625745823,131.9580766,719,5.938232724,177.4341809,58.99583333,4.88,5.96,39.95,543.37,0.12,2.7,0.14,9.17,1.6,35.687,362.593
HEBRU2,1,126.8,45.83,120,0.203300935,0.226887197,9.756398422,246.9550291,2613,0.859481637,0.018111361,0.286597738,0.662183051,145.0116693,767,6.345754985,138.9535462,58.99583333,4.88,6.05,34.26,212.97,0.1,1.95,0.1,14.33,1.7,36.721,429.574
HEBRU3,1,126.8,45.83,120,0.202120431,0.234974051,9.8787751,251.0313555,2667,0.868005735,0.010649598,0.258304685,0.687129897,134.7524897,705,6.501265398,174.0894489,58.99583333,4.88,6.12,48.05,172.17,0.09,1.95,0.1,17.25,1.6,33.79,294.47
NJRU1,1,125.18,49.13,240,-0.110392308,0.130245468,9.74984548,233.6634538,2535,0.862225306,0.02893044,0.252349353,0.726437546,138.8781184,771,6.966962526,256.7581672,52.2075,2.38,5.94,52.97,192.99,0.13,2.28,0.09,17.86,2.8,61.03,761.857
NJRU2,1,125.18,49.14,240,-0.111564274,0.114324634,9.632117371,225.1574856,2456,0.855268714,0.050613599,0.260817566,0.738470262,146.1725215,784,7.100177299,362.7195364,52.2075,2.38,5.87,44.15,174.85,0.12,2.06,0.3,20.22,2.9,61.719,389.338
NJRU3,1,125.17,49.14,230,-0.106956794,0.124026502,9.655323772,228.1404555,2458,0.857239901,0.053829076,0.239279754,0.712522314,128.2522896,733,6.781551816,342.8890965,52.2075,2.38,5.84,24.17,208.7,0.13,1.99,0.17,34.8,2.7,58.099,648.707
HMRU1,1,126.62,51.72,210,-0.106008289,0.14092268,9.266986542,197.4454375,2092,0.840111158,0.087090541,0.321805047,0.737290053,136.3532262,774,7.075175254,194.5521552,39.66166667,0.31,5.86,68.37,301.1,0.16,2.26,0.3,24.73,1.7,36.376,522.958
HMRU2,1,126.62,51.72,190,-0.112431437,0.135584139,9.292371611,194.1223165,2093,0.842359825,0.077266381,0.285438843,0.737756077,143.2385649,759,7.058817741,135.7540073,39.66166667,0.31,5.77,48.8,285.72,0.15,1.91,0.13,15.3,1.9,40.859,594.33
HMRU3,1,126.62,57.72,180,-0.108284748,0.147205261,9.15670072,179.647948,1948,0.837928877,0.063111339,0.297109684,0.74328657,139.7066105,738,7.081645703,214.3662255,39.66166667,0.31,5.77,91.74,282.03,0.15,2.4,0.07,9.65,1.8,37.583,589.551
MHRU1,1,122.35,53.49,300,-0.188960255,0.126715311,9.613218753,225.7307987,2408,0.855754337,0.042098856,0.200569304,0.743671343,145.0277543,794,7.163782473,208.3517069,38.67,-2.35,5.82,20.87,69.04,0.1,2.88,-0.11,2.48,1.3,27.584,617.932
MHRU2,1,122.35,53.49,300,-0.229618491,-0.001405808,9.473476176,231.7743952,2301,0.848266277,0.062040585,0.038395298,0.697786757,174.0736625,782,6.706445825,163.9279425,38.67,-2.35,5.67,44.07,81.05,0.14,2.15,-0.11,8.98,2.1,50.858,547.58
MHRU3,1,122.34,53.49,300,-0.108629363,0.139847731,9.815126857,237.6971592,2573,0.866353837,0.019168631,0.229315693,0.768460435,171.5713178,906,7.548869062,79.47896187,38.67,-2.35,5.86,40.02,69.03,0.1,2.7,0.08,17.15,0.9,19.136,722.886
SYRP1,2,109.65,18.34,30,-0.071246595,-0.248015531,8.789286827,279.8963521,2787,0.76799239,0.052310052,-0.032744242,0.76855545,221.6052551,1066,7.730124359,167.4728158,95.8775,25.17,5.75,18.57,67.87,0.04,2.58,10.02,0.64,0.8,14.826,807.484
SYRP2,2,109.65,18.34,40,-0.046245718,-0.263175596,10.04523047,304.7182065,3179,0.863410863,-0.014164893,-0.108952771,0.711899138,196.9426519,965,7.058042225,253.2109114,95.8775,25.17,5.85,20.77,72.1,0.07,1.93,9.66,1.11,1.2,24.998,676.109
SYRP3,2,109.65,18.34,30,-0.132877436,-0.269461459,10.04310861,300.1730553,3211,0.8621577,0.050317287,-0.131119066,0.671253252,144.4040508,754,6.416120986,218.7900826,95.8775,25.17,6.05,27.73,97.07,0.05,2.33,41.68,1.67,1,18.619,758.225
HKRP1,2,110.25,19.81,30,-0.197865483,-0.021620928,9.917274901,244.2850849,2602,0.87412258,-0.025754302,-0.06723923,0.722560201,146.3643226,761,6.916167513,330.1056592,130.5633333,24.79,6.07,60.26,221.18,0.27,1.49,1.49,9.74,2.4,44.479,635.058
SXRP1,2,110.26,21.4,40,-0.006353367,-0.202671844,9.682784962,255.0086958,2694,0.849699966,0.038161938,-0.108248326,0.702845954,155.0683309,862,6.853833292,204.5085567,152.4375,23.82,5.81,12.34,49.73,0.1,0.38,5.94,3.6,2.1,48.962,596.11
SXRP2,2,110.26,21.4,20,-0.037398592,-0.292002752,9.593536221,277.8474082,2803,0.837661799,0.132850206,-0.096127824,0.731839249,189.1168542,858,7.131651877,169.4202084,152.4375,23.82,5.85,8.21,59.3,0.08,0.48,5.25,0.6,1.9,44.652,574.103
SXRP3,2,110.25,21.43,20,-0.174164505,-0.236167762,10.03542343,285.690214,2992,0.869101512,0.109030882,-0.09746637,0.675138418,175.2491643,875,6.598221744,189.4388747,151.3266667,23.82,5.89,33.1,53.86,0.13,0.61,3.17,9.39,1.8,38.79,639.546
YLRP1,2,110.09,22.57,80,-0.004788476,-0.232780057,10.13648516,269.0715807,2807,0.884910549,0.058730626,-0.0993523,0.677964455,151.2765384,784,6.518431519,420.7344935,137.0591667,22.17,5.67,43.93,132.55,0.14,1.07,12.87,55.54,2.2,38.962,373.848
YLRP2,2,110.09,22.57,70,0.029427652,-0.239445358,10.30765406,295.3110233,3028,0.891345626,0.055398316,-0.132736347,0.637208833,144.4308826,704,6.027633379,383.176685,137.0591667,22.17,5.79,35.11,96.95,0.14,0.89,4.06,10.47,2.4,42.066,516.079
YLRP3,2,110.09,22.56,80,-0.149875879,-0.325218316,9.792146819,278.5917586,2693,0.859337262,0.034118973,-0.113480649,0.468748974,142.4380906,696,4.42637008,284.6388019,137.0591667,22.17,5.65,29.81,176.98,0.11,0.9,7.31,16.84,2.8,52.237,717.906
WZRP1,2,111.35,23.55,20,-0.267267971,-0.230533283,9.635363442,229.9749332,2288,0.863393775,0.085553259,-0.076512523,0.729472452,174.2259159,805,7.041484489,157.7864428,136.62,22.15,4.92,7.07,54.41,0.07,0.91,7.38,12.61,1.7,27.239,625.238
WZRP2,2,111.35,23.55,10,-0.255349947,-0.23890097,9.707945325,232.6094826,2333,0.867712803,0.065593417,-0.048324167,0.706106439,177.1768488,822,6.837224828,186.8826407,136.62,22.15,4.58,18.39,59.07,0.09,2.52,10.5,13.25,1.9,31.377,875.563
WZRP3,2,111.35,23.55,10,-0.284896668,-0.196638478,9.674970445,231.5963715,2360,0.863484226,0.071457481,-0.053592029,0.688488607,158.5702347,816,6.659354653,204.9079352,136.62,22.15,4.74,26.03,48.58,0.08,2.68,6.5,9.44,1.7,27.067,523.126
JHRP2,2,111.57,25.21,220,-0.075610537,-0.290680853,9.962263184,272.5784591,2765,0.871355517,0.097203081,-0.096027887,0.690185452,177.938294,785,6.63720211,189.5223449,130.3975,18.7,5.47,38.52,185.31,0.16,3.11,0.23,31.06,2.6,41.548,249.35
JHRP3,2,111.57,25.21,210,-0.100539962,-0.343799367,9.981961209,285.098387,2796,0.871851831,0.159803667,-0.098631327,0.654897345,192.9932373,878,6.403636749,121.7676221,130.3975,18.7,5.44,57.06,95.08,0.15,2.1,12.57,12.47,2,35.17,710.637
QYRP1,2,111.87,26.76,130,-0.064774015,-0.23471042,10.1664037,279.0583445,2856,0.885592186,0.110087106,-0.098381627,0.681569103,140.8566993,701,6.443057188,207.8931599,112.3283333,18.88,5.74,13.04,60.72,0.1,2.67,2.28,10.1,1.3,22.24,692.127
QYRP3,2,111.87,26.76,130,0.125126712,-0.254807084,10.01521456,268.7968671,2777,0.875508512,0.199986134,-0.193633193,0.666396701,159.8128706,618,6.178472372,169.3982958,112.3283333,18.88,6.39,13.71,43.93,0.1,2.31,4.6,38.96,2.6,45.169,504.388
LDRP1,2,112.01,27.63,140,0.206660005,-0.263860531,10.15450486,277.4681566,2765,0.888170054,0.212302483,-0.189017812,0.671357793,235.009431,652,6.276341499,40.22206793,113.1925,18.03,6.62,59.53,273.28,0.13,1.99,9.62,19.81,3.1,69.477,329.18
LDRP2,2,112.01,27.63,140,0.231795501,-0.219874667,10.0579193,264.4817195,2646,0.884632849,0.216005506,-0.178554319,0.669209411,192.9946283,614,6.198281035,216.0654555,113.1925,18.03,6.75,17.66,171.37,0.14,2.06,7.32,40.66,3,57.409,498.429
LDRP3,2,112.03,27.62,150,0.234293002,-0.191660619,10.24902694,284.2667194,2899,0.891115929,0.184841707,-0.15843834,0.617163182,148.9210308,621,5.726317389,131.8008495,113.0116667,18.03,6.89,33.06,113.33,0.11,2.03,8.42,47.38,2.8,62.409,658.159
YiYangRP1,2,112.41,28.6,40,-0.117679306,-0.347364917,10.01140309,282.6233736,2802,0.874187233,0.227528924,-0.259298171,0.634260034,130.0905486,545,5.765495016,322.6529844,107.9158333,18.18,6.96,14.42,216.49,0.08,3.76,23.45,7.76,2.5,41.031,949.903
YiYangRP2,2,112.41,28.44,40,-0.138237407,-0.346830625,10.10401545,283.3176925,2754,0.884198725,0.224020637,-0.271505169,0.65646608,135.695236,587,6.037660787,161.2257101,111.2525,17.62,6.74,14.84,251.41,0.08,5.56,19.1,26.29,2.7,44.479,991.284
YiYangRP3,2,112.4,28.6,30,-0.153028335,-0.332461711,10.19423464,289.8069502,2933,0.885057461,0.216936554,-0.242633272,0.649937594,151.2338031,636,6.052792744,163.9257946,107.9158333,18.18,6.56,22.1,129.97,0.08,4.35,9.83,6.89,1.6,26.55,800.703
HRRP1,2,112.66,29.51,35,0.241139103,-0.183416857,10.02863135,261.8358254,2605,0.883808192,0.229511672,-0.189781544,0.764430886,245.7653013,890,7.489635084,224.3012912,98.20666667,18.26,6.85,14.61,132.75,0.14,3.69,0.05,30.43,3.2,60.857,333.172
HRRP2,2,112.66,29.51,35,0.248014264,-0.200736563,10.33128138,289.701047,2930,0.897070765,0.211001303,-0.18272991,0.69236514,175.1438783,612,6.409492632,161.5203498,98.20666667,18.26,7.07,19.37,207.8,0.14,1.84,2.51,44.69,3.3,75.511,444.113
HRRP3,2,112.66,29.51,35,0.214254861,-0.265328349,9.969620856,274.3169668,2633,0.877415009,0.236211096,-0.207718425,0.662909828,159.8192723,598,6.114681364,34.79271558,98.20666667,18.26,7.04,12.76,88.65,0.12,3.88,2.3,26.71,2.6,56.03,629.757
QJRP1,2,112.9,30.43,30,0.261066981,-0.192399518,10.23981113,286.5353126,2944,0.888597742,0.174533548,-0.163291481,0.716811335,201.3279755,703,6.779157812,141.5334391,87.1275,17.8,7.1,15.12,84.33,0.11,3.06,0.18,42.1,1.8,29.998,597.065
QJRP2,2,112.93,30.39,30,0.271160988,-0.072764957,10.47372412,287.846038,3137,0.901728024,0.139309098,-0.030937972,0.674889662,129.3528488,649,6.30486962,115.66351,86.835,17.8,7.17,13.75,99.93,0.11,4.47,0.03,10.6,1.6,24.998,442.747
QJRP3,2,112.92,30.4,30,0.270549539,-0.161302942,10.23642066,275.8593663,2855,0.891730587,0.182250052,-0.148930309,0.708852055,135.4823789,618,6.572095624,88.87832686,86.835,17.8,7.09,9.27,115.53,0.11,5.65,0.08,11.09,2,33.273,721.404
XGRP1,2,113.85,30.94,20,-0.061589098,-0.353183202,10.21583816,295.6699856,2910,0.887808523,0.185692749,-0.173070497,0.4993792,128.4555417,501,4.478765645,225.2639265,90.10583333,17.71,7.12,20.07,155.43,0.1,5.08,1.45,6.03,1.4,24.481,804.472
XGRP2,2,113.85,30.94,20,0.028187426,-0.327039188,10.12114386,283.0189197,2856,0.881649616,0.232648609,-0.174675311,0.679772123,150.1415646,578,6.236858709,273.1461904,90.10583333,17.71,7.11,13.06,210.83,0.08,4.34,6.14,5.27,1.6,28.101,535.172
XGRP3,2,113.85,30.94,20,-0.157185978,-0.275790125,10.24170327,283.0773523,2874,0.891447648,0.232657804,-0.151480393,0.590348318,130.8231462,565,5.397027526,177.6060086,90.10583333,17.71,6.76,14.16,125.24,0.07,1.64,0.44,9.05,1.3,23.619,684.029
XYRP1,2,114.08,32.2,120,-0.103145241,-0.269046406,10.34882706,286.8961312,2967,0.89718389,0.201081288,-0.239620158,0.643474758,147.7056886,637,5.994063607,234.6217931,84.42583333,15.99,6.74,10.31,160.8,0.06,1.83,0.38,23.66,1.2,20.343,670.041
XYRP2,2,114.08,32.2,120,-0.056537984,-0.36934794,10.2872007,297.8034404,2985,0.891167076,0.221720139,-0.239863912,0.600417597,138.2759291,629,5.582032089,263.8107849,84.42583333,15.99,6.41,9.9,153.29,0.05,1.9,12.89,15.41,1.5,26.032,767.437
XYRP3,2,114.07,32.2,110,0.100841811,-0.345594423,10.26913039,283.3440825,2975,0.889974916,0.206766819,-0.257335949,0.602111139,160.6663795,716,5.710311116,178.820299,84.42583333,15.99,6.46,10.77,154.35,0.05,1.96,1.11,11.17,1.6,29.308,796.459
YYRP1,2,113.69,35.02,90,0.284870906,-0.108551484,10.00104765,253.4323185,2577,0.882589958,0.240352915,-0.020080464,0.690116723,109.7160403,481,6.148866214,155.3178685,49.0875,16.51,7.06,83.89,216.76,0.13,5.13,0.59,40.82,1,36.376,788.086
YYRP2,2,113.69,35.02,90,0.288754328,-0.111432466,9.952227692,245.0798849,2547,0.879592953,0.163743063,-0.036382915,0.650904177,130.8297724,554,5.932172842,216.2479063,49.0875,16.51,7.2,73.96,175.92,0.13,1.84,0.16,31.44,0.8,32.584,431.045
YYRP3,2,113.68,35.02,90,0.281957302,-0.195351985,9.910265882,259.6311825,2492,0.878329193,0.259489503,-0.106733255,0.603526506,120.0656794,481,5.377356641,154.3665968,49.0875,16.51,7.25,34.13,158.54,0.13,4.01,0.12,13.52,0.7,31.894,496.361
HDRP1,2,114.43,36.44,60,0.334768531,-0.052111252,10.56509877,304.4191187,3136,0.909630883,0.215284939,-0.032834245,0.663380344,113.8669782,487,5.922512413,187.9864379,49.27583333,15.21,7.15,45.22,143.94,0.13,3.55,-0.14,49.23,2.1,59.65,719.399
HDRP2,2,114.43,36.45,60,0.306356998,-0.100608741,10.2336335,275.2468723,2825,0.892672899,0.212356128,-0.051280439,0.58236348,117.0819076,459,5.149461921,147.1853973,49.27583333,15.21,7.09,24.06,135.64,0.1,3.1,-0.03,44.29,1.2,38.79,448.677
HDRP3,2,114.43,36.45,40,0.321703806,-0.089547194,10.37111716,289.031245,2943,0.900030592,0.245987731,-0.08962021,0.742672016,205.4975359,719,7.047844513,121.3409664,49.27583333,15.21,7.28,19.09,129.76,0.1,2.71,-0.04,18.23,1.3,39.307,571.003
QHDRP1,2,119.36,39.82,10,0.053078235,-0.164003058,10.04543534,273.6363708,2827,0.876178467,0.273061768,0.00562303,0.649068098,110.9506489,503,5.82500621,119.0935812,52.12666667,11.8,7.23,22.44,49.43,0.09,3.52,0.46,19.71,1.1,21.722,595.786
QHDRP2,2,119.37,39.82,10,0.067320238,-0.124190905,10.06866932,267.9605062,2815,0.878675304,0.226965215,0.0219936,0.554896717,104.3203834,456,4.901341672,251.9135254,52.12666667,11.8,7.17,47,54.95,0.09,2.29,0.47,2.7,1.1,21.378,561.664
QHDRP3,2,119.35,39.81,10,0.176962152,-0.01573666,10.1693554,280.8216571,2920,0.883388977,0.17573542,0.063603428,0.628590079,122.6302916,568,5.751440266,94.01755427,52.12666667,11.8,6.99,34.28,67.63,0.11,6.58,1.51,42.51,1.2,20.343,764.916
PJRP1,2,122.13,41.24,0,0.238892541,-0.281014085,9.85153223,265.7161977,2522,0.871789812,0.305001959,-0.071957532,0.584707273,144.2556816,585,5.374800468,201.8226189,42.34,10.49,7.21,56.74,224.68,0.08,6.17,0.95,3.02,1.2,21.205,583.37
PJRP2,2,122.13,41.24,0,0.229209453,-0.254950271,9.368605253,241.2567317,2261,0.840780707,0.293820288,-0.071444591,0.553365328,137.1251129,535,5.015368594,148.515555,42.34,10.49,7.06,37.07,253.51,0.09,2.89,1.72,11.59,1.3,21.722,609.848
SYSRP1,2,123.36,42.02,40,0.250597956,-0.218683797,10.06520273,281.3407071,2808,0.878648208,0.207363236,-0.117456377,0.71201921,156.6040581,698,6.726504733,96.49794346,48.24,9.39,7.17,20.94,137.82,0.08,2.38,0.69,9.1,1.6,33.273,517.395
SYSRP2,2,123.36,42.01,40,0.264959805,-0.223346458,10.01213547,267.3689596,2673,0.879473012,0.199201335,-0.109972548,0.722649441,172.5677664,753,6.90600376,64.28589708,48.24,9.39,7.11,25.44,130.93,0.09,2.17,2.5,18.47,1.5,33.101,305.511
SYSRP3,2,123.36,42.01,40,0.291674636,-0.178179119,10.22731719,282.009032,2850,0.891133864,0.199885745,-0.096992019,0.729317824,186.9394658,754,6.971126595,109.8510166,48.24,9.39,7.24,17.8,127.75,0.09,2.22,0.66,7.94,1.4,31.204,393.598
SPRP1,2,124.37,43.25,170,0.307964262,-0.162064241,10.54218413,309.121681,3173,0.906337504,0.248396207,-0.055403398,0.742676464,149.4396529,712,7.037404194,118.5514869,50.88666667,7.45,7.22,20.02,116.41,0.07,3.99,0.29,13.37,1.8,38.273,589.146
SPRP2,2,124.37,43.26,170,0.307653041,-0.133240195,10.34437284,282.1142737,2893,0.899639712,0.24646973,-0.018626197,0.594729903,118.7134993,559,5.42792407,99.71479283,50.7575,7.5,7.26,52.18,190.79,0.1,6.15,0.07,19.94,1.7,34.48,658.366
SPRP3,2,124.37,43.26,170,0.289758039,-0.185675764,10.26967063,284.2716902,2936,0.891492613,0.293537023,-0.030224366,0.672959534,180.0617185,652,6.291315743,66.41066367,50.7575,7.5,7.19,18.78,120.67,0.07,2.28,0.16,6.73,1.6,32.411,279.338
DHRP1,2,125.72,44.56,170,0.011605921,-0.317926876,9.246499108,226.7062047,2050,0.840483231,0.273410026,-0.005271334,0.602337066,107.1055071,482,5.368563616,171.5508888,56.89166667,6.43,7.04,50.15,272.19,0.1,4.89,1.2,1.33,1.5,29.998,460.482
DHRP2,2,125.76,44.55,170,0.041760186,-0.292888084,9.237613666,221.854217,2078,0.838184419,0.253638681,-0.014100345,0.578715863,99.63072242,455,5.109900614,159.556694,56.88,6.31,6.98,35.79,262.42,0.13,3.13,1.07,4.93,1.4,26.032,570.073
DHRP3,2,125.77,44.55,170,0.289772957,-0.174582305,10.24028605,293.3076666,2897,0.890433023,0.31562928,-0.067737104,0.642527739,154.4672969,658,6.015308566,111.311955,56.88,6.31,7.17,30.31,232.73,0.07,3.3,1.72,3.95,1.2,25.86,274.352
HLRP1,2,127.01,47.46,240,0.187318496,-0.167366566,10.31177124,290.4328893,2947,0.89472826,0.264046038,-0.059834192,0.647966983,152.7671014,663,6.073307094,215.4830979,56.34916667,3.05,7.17,80.93,217.29,0.11,2.86,1.37,19.3,2.6,62.064,471.882
HLRP2,2,127.01,47.46,240,0.093838304,0.018449678,10.28975712,270.6751127,2901,0.894579883,0.117622194,0.093710671,0.686604271,147.9678876,705,6.496292198,289.0541383,56.34916667,3.05,7.17,41.91,167.56,0.11,1.61,0.62,14.63,1.9,42.583,545.259
HLRP3,2,127.01,47.46,240,0.161648949,-0.072405639,10.37247136,276.047743,2983,0.898629239,0.200615121,-0.027022808,0.638985092,149.8966455,636,5.950793373,61.02231461,56.34916667,3.05,7.06,40.08,232.06,0.12,1.54,1.24,23.74,2.7,61.547,693.162
HEBRP1,2,126.8,45.83,120,0.284703422,-0.178758012,10.16211672,286.569568,2811,0.886989093,0.310302274,-0.027552262,0.656685581,185.3475165,688,6.190092151,41.63143806,58.99583333,4.88,7.25,53.86,381.8,0.1,1.56,1.02,1.8,2,46.031,434.697
HEBRP2,2,125.8,45.83,120,0.292756712,-0.170245373,10.32628313,288.7213599,2919,0.897059443,0.310171625,-0.065835575,0.609649366,144.4726671,605,5.633642576,51.2145644,54.5425,5.39,7.34,53.62,358.68,0.11,1.77,2.03,5.61,1.9,44.996,362.577
HEBRP3,2,126.8,45.82,120,0.050945598,-0.275929982,9.802192643,256.0074262,2482,0.869197733,0.286970809,-0.037347599,0.651803813,130.7957903,554,5.940371898,145.7149525,58.99583333,4.88,7.24,39.3,314.4,0.1,1.72,0.44,7.24,1.7,39.652,351.047
NJRP1,2,125.17,49.14,240,0.132800568,-0.114371721,9.937742859,255.1288159,2667,0.87318698,0.206491521,-0.000131408,0.694725507,154.7759963,682,6.539887432,146.0556438,52.2075,2.38,7.39,29.82,182.4,0.12,2.12,0.04,18.7,3.8,76.718,306.519
NJRP2,2,125.18,49.14,220,0.116400933,-0.121104883,9.78564439,237.2610575,2500,0.866928928,0.200594593,-0.075034161,0.653605657,160.9704984,671,6.137467552,142.970885,52.2075,2.38,7.31,23.47,217.9,0.11,1.57,0.26,18.79,3.9,81.2,590.669
NJRP3,2,125.18,49.14,230,-0.123553209,0.080938944,9.669621912,221.3265255,2406,0.860867125,0.12555094,0.217207989,0.741802687,128.9759659,649,6.929976087,100.1892667,52.2075,2.38,7.19,21.66,191.77,0.12,1.63,0.05,19.69,2.9,60.168,713.635
HMRP1,2,126.63,51.74,200,-0.107615524,-0.166768736,9.282562367,226.6238806,2178,0.837112421,0.268756908,-0.103783968,0.526905721,140.640267,532,4.771280119,257.4238667,39.64583333,0.31,7.06,52.27,131.22,0.15,1.7,0.94,8.14,2.3,50.858,475.267
HMRP2,2,126.63,51.74,170,-0.072600596,-0.150246645,9.457073211,233.3439462,2257,0.84891484,0.243218632,-0.096057656,0.533034179,125.8533021,550,4.852363543,112.1815902,39.64583333,0.31,6.9,81.77,131.3,0.16,2.19,0.74,4.92,1.7,36.032,645.646
HMRP3,2,126.62,51.74,180,-0.08742081,-0.169744156,9.27917641,228.3192318,2222,0.834635212,0.261277027,0.047234013,0.516692542,98.59677772,426,4.513159315,104.90141,39.66166667,0.31,6.27,86.99,138.98,0.14,1.84,1.28,3.57,1.6,32.239,547.45
